{"sections":{"image_banner":{"type":"image-banner","blocks":{"heading":{"type":"heading","settings":{"heading":"𝐸𝓂𝒷𝓇𝒶𝒸𝑒 𝓉𝒽𝑒 𝒯𝒾𝓂𝑒𝓁𝑒𝓈𝓈 𝐸𝓁𝑒𝑔𝒶𝓃𝒸𝑒 𝑜𝒻 𝐻𝒶𝓃𝒹𝓁𝑜𝑜𝓂 𝒮𝒾𝓁𝓀 - 𝒲𝒽𝑒𝓇𝑒 𝒯𝓇𝒶𝒹𝒾𝓉𝒾𝑜𝓃 𝑀𝑒𝑒𝓉𝓈 𝒜𝓇𝓉𝒾𝓈𝓉𝓇𝓎","heading_size":"h2"}},"button":{"type":"buttons","settings":{"button_label_1":"Shop all","button_link_1":"shopify:\/\/collections\/all","button_style_secondary_1":true,"button_label_2":"","button_link_2":"","button_style_secondary_2":false}}},"block_order":["heading","button"],"custom_css":[".banner__content {padding: 10px;}"],"settings":{"image":"shopify:\/\/shop_images\/pic3.webp","image_overlay_opacity":30,"image_height":"large","desktop_content_position":"bottom-center","show_text_box":false,"desktop_content_alignment":"center","color_scheme":"scheme-3","image_behavior":"none","mobile_content_alignment":"center","stack_images_on_mobile":false,"show_text_below":false}},"featured_collection":{"type":"featured-collection","custom_css":[".title {color: #ffc200 !important;}"],"settings":{"title":"New Arrivals","heading_size":"h1","description":"","show_description":false,"description_style":"subtitle","collection":"all","products_to_show":8,"columns_desktop":4,"full_width":true,"show_view_all":true,"view_all_style":"solid","enable_desktop_slider":false,"color_scheme":"scheme-1","image_ratio":"adapt","image_shape":"default","show_secondary_image":true,"show_vendor":false,"show_rating":true,"quick_add":"standard","columns_mobile":"2","swipe_on_mobile":false,"padding_top":32,"padding_bottom":36}}},"order":["image_banner","featured_collection"]}